[{"model": "admin.logentry", "pk": 1, "fields": {"action_time": "2022-09-01T22:00:49.559Z", "user": 1, "content_type": 7, "object_id": "1", "object_repr": "biscuiteers.example.com", "action_flag": 2, "change_message": "[{\"changed\": {\"fields\": [\"Domain name\", \"Display name\"]}}]"}}, {"model": "admin.logentry", "pk": 2, "fields": {"action_time": "2022-09-01T22:26:13.854Z", "user": 1, "content_type": 8, "object_id": "1", "object_repr": "emilijasmitaite@yahoo.com", "action_flag": 2, "change_message": "[{\"changed\": {\"fields\": [\"Verified\", \"Primary\"]}}]"}}, {"model": "admin.logentry", "pk": 3, "fields": {"action_time": "2022-09-20T17:48:42.890Z", "user": 1, "content_type": 13, "object_id": "1", "object_repr": "halloween", "action_flag": 1, "change_message": "[{\"added\": {}}]"}}, {"model": "admin.logentry", "pk": 4, "fields": {"action_time": "2022-09-20T17:48:57.634Z", "user": 1, "content_type": 13, "object_id": "2", "object_repr": "christmas", "action_flag": 1, "change_message": "[{\"added\": {}}]"}}, {"model": "admin.logentry", "pk": 5, "fields": {"action_time": "2022-09-20T17:50:56.689Z", "user": 1, "content_type": 13, "object_id": "3", "object_repr": "i_love_you", "action_flag": 1, "change_message": "[{\"added\": {}}]"}}, {"model": "admin.logentry", "pk": 6, "fields": {"action_time": "2022-09-20T17:51:45.256Z", "user": 1, "content_type": 13, "object_id": "4", "object_repr": "school", "action_flag": 1, "change_message": "[{\"added\": {}}]"}}, {"model": "admin.logentry", "pk": 7, "fields": {"action_time": "2022-09-20T17:51:59.444Z", "user": 1, "content_type": 13, "object_id": "5", "object_repr": "birthdays", "action_flag": 1, "change_message": "[{\"added\": {}}]"}}, {"model": "admin.logentry", "pk": 8, "fields": {"action_time": "2022-09-20T17:55:51.529Z", "user": 1, "content_type": 14, "object_id": "1", "object_repr": "Trick Or Treat Biscuit Gift", "action_flag": 1, "change_message": "[{\"added\": {}}]"}}, {"model": "admin.logentry", "pk": 9, "fields": {"action_time": "2022-09-20T17:57:22.807Z", "user": 1, "content_type": 14, "object_id": "1", "object_repr": "Trick Or Treat Biscuit Gift", "action_flag": 2, "change_message": "[{\"changed\": {\"fields\": [\"Ingredients\"]}}]"}}, {"model": "admin.logentry", "pk": 10, "fields": {"action_time": "2022-09-20T20:25:59.303Z", "user": 1, "content_type": 14, "object_id": "2", "object_repr": "Birthday Cake Biscuit Gift", "action_flag": 1, "change_message": "[{\"added\": {}}]"}}, {"model": "admin.logentry", "pk": 11, "fields": {"action_time": "2022-09-20T20:53:05.854Z", "user": 1, "content_type": 14, "object_id": "3", "object_repr": "Monster Hugs Biscuit Gift", "action_flag": 1, "change_message": "[{\"added\": {}}]"}}, {"model": "admin.logentry", "pk": 12, "fields": {"action_time": "2022-09-20T21:02:26.274Z", "user": 1, "content_type": 14, "object_id": "4", "object_repr": "Spooky Biscuit Set", "action_flag": 1, "change_message": "[{\"added\": {}}]"}}, {"model": "admin.logentry", "pk": 13, "fields": {"action_time": "2022-09-20T21:02:58.613Z", "user": 1, "content_type": 14, "object_id": "2", "object_repr": "Birthday Cake Biscuit Gift", "action_flag": 2, "change_message": "[{\"changed\": {\"fields\": [\"Image\"]}}]"}}, {"model": "admin.logentry", "pk": 14, "fields": {"action_time": "2022-09-20T21:03:08.199Z", "user": 1, "content_type": 14, "object_id": "2", "object_repr": "Birthday Cake Biscuit Gift", "action_flag": 2, "change_message": "[{\"changed\": {\"fields\": [\"Image\"]}}]"}}, {"model": "admin.logentry", "pk": 15, "fields": {"action_time": "2022-09-20T21:03:20.112Z", "user": 1, "content_type": 14, "object_id": "3", "object_repr": "Monster Hugs Biscuit Gift", "action_flag": 2, "change_message": "[{\"changed\": {\"fields\": [\"Image\"]}}]"}}, {"model": "admin.logentry", "pk": 16, "fields": {"action_time": "2022-09-20T21:03:25.813Z", "user": 1, "content_type": 14, "object_id": "3", "object_repr": "Monster Hugs Biscuit Gift", "action_flag": 2, "change_message": "[]"}}, {"model": "admin.logentry", "pk": 17, "fields": {"action_time": "2022-09-20T21:03:37.564Z", "user": 1, "content_type": 14, "object_id": "1", "object_repr": "Trick Or Treat Biscuit Gift", "action_flag": 2, "change_message": "[{\"changed\": {\"fields\": [\"Image\"]}}]"}}, {"model": "admin.logentry", "pk": 18, "fields": {"action_time": "2022-09-20T21:04:42.862Z", "user": 1, "content_type": 14, "object_id": "2", "object_repr": "Birthday Cake Biscuit Gift", "action_flag": 2, "change_message": "[{\"changed\": {\"fields\": [\"Description\"]}}]"}}, {"model": "admin.logentry", "pk": 19, "fields": {"action_time": "2022-09-21T14:04:32.442Z", "user": 1, "content_type": 14, "object_id": "2", "object_repr": "Birthday Cake Biscuit Gift", "action_flag": 2, "change_message": "[{\"changed\": {\"fields\": [\"Description\"]}}]"}}, {"model": "admin.logentry", "pk": 20, "fields": {"action_time": "2022-09-21T14:05:28.593Z", "user": 1, "content_type": 14, "object_id": "2", "object_repr": "Birthday Cake Biscuit Gift", "action_flag": 2, "change_message": "[{\"changed\": {\"fields\": [\"Description\"]}}]"}}, {"model": "admin.logentry", "pk": 21, "fields": {"action_time": "2022-09-21T15:13:07.532Z", "user": 1, "content_type": 14, "object_id": "2", "object_repr": "Birthday Cake Biscuit Gift", "action_flag": 2, "change_message": "[{\"changed\": {\"fields\": [\"Ingredients\"]}}]"}}, {"model": "admin.logentry", "pk": 22, "fields": {"action_time": "2022-09-21T15:13:12.471Z", "user": 1, "content_type": 14, "object_id": "2", "object_repr": "Birthday Cake Biscuit Gift", "action_flag": 2, "change_message": "[]"}}, {"model": "admin.logentry", "pk": 23, "fields": {"action_time": "2022-09-21T15:13:30.273Z", "user": 1, "content_type": 14, "object_id": "3", "object_repr": "Monster Hugs Biscuit Gift", "action_flag": 2, "change_message": "[{\"changed\": {\"fields\": [\"Ingredients\"]}}]"}}, {"model": "admin.logentry", "pk": 24, "fields": {"action_time": "2022-09-21T15:13:37.342Z", "user": 1, "content_type": 14, "object_id": "4", "object_repr": "Spooky Biscuit Set", "action_flag": 2, "change_message": "[{\"changed\": {\"fields\": [\"Ingredients\"]}}]"}}, {"model": "admin.logentry", "pk": 25, "fields": {"action_time": "2022-09-21T15:13:47.046Z", "user": 1, "content_type": 14, "object_id": "1", "object_repr": "Trick Or Treat Biscuit Gift", "action_flag": 2, "change_message": "[{\"changed\": {\"fields\": [\"Ingredients\"]}}]"}}, {"model": "admin.logentry", "pk": 26, "fields": {"action_time": "2022-09-30T12:51:59.236Z", "user": 1, "content_type": 17, "object_id": "1", "object_repr": "Hello", "action_flag": 1, "change_message": "[{\"added\": {}}]"}}, {"model": "admin.logentry", "pk": 27, "fields": {"action_time": "2022-09-30T13:12:53.890Z", "user": 1, "content_type": 17, "object_id": "1", "object_repr": "Hello", "action_flag": 2, "change_message": "[{\"changed\": {\"fields\": [\"Status\"]}}]"}}, {"model": "admin.logentry", "pk": 28, "fields": {"action_time": "2022-09-30T15:11:36.238Z", "user": 1, "content_type": 17, "object_id": "2", "object_repr": "Lorem", "action_flag": 1, "change_message": "[{\"added\": {}}]"}}, {"model": "admin.logentry", "pk": 29, "fields": {"action_time": "2022-09-30T15:11:59.811Z", "user": 1, "content_type": 17, "object_id": "3", "object_repr": "Ipsum", "action_flag": 1, "change_message": "[{\"added\": {}}]"}}, {"model": "auth.user", "pk": 1, "fields": {"password": "pbkdf2_sha256$260000$w2EJGhPKRa9dGNjLzvtigW$Nwkg1V3MrQ3YAEvStfu1d5GNiJsQ1C0fGMh8oHoETWU=", "last_login": "2022-09-22T11:22:00.928Z", "is_superuser": true, "username": "b59Ziux8", "first_name": "", "last_name": "", "email": "emilijasmitaite@yahoo.com", "is_staff": true, "is_active": true, "date_joined": "2022-09-01T21:19:05.281Z", "groups": [], "user_permissions": []}}, {"model": "sessions.session", "pk": "bwfvb7cfyxolc7yx9u80oh50fahpj58q", "fields": {"session_data": ".eJxVjM0OwiAQhN-FsyEs_aH06N1nIAu7WtSAgTbRGN_dNulBD3OZ-eZ7C4fLPLmlcnGRxChAHH47j-HGaRvoiumSZchpLtHLDZH7WuUpE9-PO_snmLBO65uJwXjtu24wvgPLSGZobaPhHEyvGDBYrdaE4GGAvvFoWm0MWbKaSG_SyrXGnBw_H7G8xAha2V6pzxcLfEBG:1oTsfA:5Pk_53HBSr7FVPsmv1qkwO-zFbx8sgy3ZJSi1SOZ7uA", "expire_date": "2022-09-15T22:27:52.942Z"}}, {"model": "sessions.session", "pk": "j2v4u11k8dv43wi3rg5p05p5gcshbj7o", "fields": {"session_data": ".eJxVjLsOgkAURP9la7PhLiyXtbT3G8h96aIGEhYq478LCYUW08w5M2_X07rkfi0294O6swN3-u2Y5GnjDvRB433yMo3LPLDfFX_Q4q-T2utyuH8HmUre1qYGyIFj7JAjJCPFrkl1gJtgWxmQpFBtEWHooK2ZsAmImjQF1eA-X-dHN9c:1oXq7U:h7lDgDPTAupigRQgoZO9ObVqdYDwfXJjZ9sMVoab48U", "expire_date": "2022-09-26T20:33:28.661Z"}}, {"model": "sessions.session", "pk": "pweb8bybrrlvdbpahrxxcz7n5dq0trdj", "fields": {"session_data": ".eJxVjMEOgjAQRP-lZ9OwFVjK0bvf0Ox2F0FNm1DwYvx3IeGgh7nMvHlvE2hdxrAWncMkpjdgTr8dU3xo2ge5U7plG3Na5ontjthjLfaaRZ-Xg_0TjFTG7a2igOy4aTrkBrySYFf7s4MhYlspUPSu2hIjQwftmQlrhyhevBNxm7TQS8OUhmz6ZV718wXPGz37:1octd4:9v9s0HSUGP9QmMxOUqtw2DDXGyYbll3_HldblKwA3Eg", "expire_date": "2022-10-10T19:18:58.965Z"}}, {"model": "sites.site", "pk": 1, "fields": {"domain": "biscuiteers.example.com", "name": "Biscuiteers"}}, {"model": "account.emailaddress", "pk": 1, "fields": {"user": 1, "email": "emilijasmitaite@yahoo.com", "verified": true, "primary": true}}, {"model": "products.category", "pk": 1, "fields": {"name": "halloween", "friendly_name": "Halloween"}}, {"model": "products.category", "pk": 2, "fields": {"name": "christmas", "friendly_name": "Christmas"}}, {"model": "products.category", "pk": 3, "fields": {"name": "i_love_you", "friendly_name": "I Love You Gifts"}}, {"model": "products.category", "pk": 4, "fields": {"name": "school", "friendly_name": "School"}}, {"model": "products.category", "pk": 5, "fields": {"name": "birthdays", "friendly_name": "Birthdays"}}, {"model": "products.product", "pk": 1, "fields": {"category": 1, "name": "Trick Or Treat Biscuit Gift", "description": "To some, Halloween is lifestyle, these are the biscuits we’d buy for them!\r\n\r\nGreat for gifting or for decorating around a cake to create a stunning Halloween centrepiece.\r\n\r\nEvery delicious vanilla biscuit is carefully baked using the finest local ingredients, before being individually hand iced with fondant and royal icing.\r\n\r\nOur pledge: All our packaging is eco-friendly, we source the best ingredients we possibly can, and a percentage from every sale is donated to our charity partner, 1% For The Planet.", "price": "25.00", "image": "trick-or-treat-biscuit.jpg", "ingredients": "Ingredients: British flour [wheat flour, calcium, iron, vitamin B3, vitamin B1. Raising agents: sodium hydrogen carbonate, mono calcium phosphate] British sugar, British butter [milk], golden syrup, Free Range eggs, glucose syrup, RSPO certified sustainable palm oil, humectant: glycerine, emulsifier: mono-and diglycerides of fatty acids, vanilla flavouring, stabiliser: carboxy methyl cellulose, preservative: potassium sorbate, colourings."}}, {"model": "products.product", "pk": 2, "fields": {"category": 5, "name": "Birthday Cake Biscuit Gift", "description": "Celebrate their wins no matter how small, with a shimmery biscuit cake complete with everlasting lit candles (until they’re eaten of course).\r\n\r\nCarefully packed into a recycled gift box, all our packaging is compostable and recyclable and will fit through a standard letterbox.\r\n\r\nOur pledge: All our packaging is eco-friendly, we source the best ingredients we possibly can, and a percentage from every sale is donated to our charity partner, 1% For The Planet.", "price": "17.00", "image": "bithday-cake-biscuit.jpg", "ingredients": "Ingredients: British flour [wheat flour, calcium, iron, vitamin B3, vitamin B1. Raising agents: sodium hydrogen carbonate, mono calcium phosphate] British sugar, British butter [milk], golden syrup, Free Range eggs, glucose syrup, RSPO certified sustainable palm oil, humectant: glycerine, emulsifier: mono-and diglycerides of fatty acids, vanilla flavouring, stabiliser: carboxy methyl cellulose, preservative: potassium sorbate, colourings."}}, {"model": "products.product", "pk": 3, "fields": {"category": 1, "name": "Monster Hugs Biscuit Gift", "description": "Probably the only monster you’d want to invite into your home this year! Great for children gifting to their parent, grandparent or totally roarsome friend.\r\n\r\n\r\nCarefully packed into a recycled gift box, all our packaging is compostable and recyclable and will fit through a standard letterbox.\r\n\r\nOur pledge: All our packaging is eco-friendly, we source the best ingredients we possibly can, and a percentage from every sale is donated to our charity partner, 1% For The Planet.", "price": "17.50", "image": "monster-hugs-biscuit-gift.jpg", "ingredients": "Ingredients: British flour [wheat flour, calcium, iron, vitamin B3, vitamin B1. Raising agents: sodium hydrogen carbonate, mono calcium phosphate] British sugar, British butter [milk], golden syrup, Free Range eggs, glucose syrup, RSPO certified sustainable palm oil, humectant: glycerine, emulsifier: mono-and diglycerides of fatty acids, vanilla flavouring, stabiliser: carboxy methyl cellulose, preservative: potassium sorbate, colourings."}}, {"model": "products.product", "pk": 4, "fields": {"category": 1, "name": "Spooky Biscuit Set", "description": "Beautifully hand iced not-so-spooky biscuits!\r\n\r\nEvery delicious vanilla biscuit is carefully baked using the finest local ingredients, before being individually hand iced.\r\n\r\nEach biscuit is packed into a recycled (and recyclable) gift box.\r\n\r\nOur pledge: All our packaging is eco-friendly, we source the best ingredients we possibly can, and a percentage from every sale is donated to our charity partner, 1% For The Planet.", "price": "26.00", "image": "spooky-biscuit.jpg", "ingredients": "Ingredients: British flour [wheat flour, calcium, iron, vitamin B3, vitamin B1. Raising agents: sodium hydrogen carbonate, mono calcium phosphate] British sugar, British butter [milk], golden syrup, Free Range eggs, glucose syrup, RSPO certified sustainable palm oil, humectant: glycerine, emulsifier: mono-and diglycerides of fatty acids, vanilla flavouring, stabiliser: carboxy methyl cellulose, preservative: potassium sorbate, colourings."}}, {"model": "checkout.order", "pk": 1, "fields": {"order_number": "395C317632BF4E07B566886EA11E59D2", "full_name": "dfsdfds", "email": "emilija.smitaite@outlook.com", "phone_number": "sdfsdfdsf", "country": "sdf", "postcode": null, "town_or_city": "dsdfsd", "street_address1": "sdfsd", "street_address2": null, "county": null, "date": "2022-09-26T10:09:47.373Z", "delivery_cost": "0.00", "order_total": "95.00", "grand_total": "95.00"}}, {"model": "checkout.order", "pk": 2, "fields": {"order_number": "99734B7514604EC5A36B39458D770561", "full_name": "eed", "email": "emilija.smitaite@outlook.com", "phone_number": "ddsdsd", "country": "sda", "postcode": null, "town_or_city": "adad", "street_address1": "adsd", "street_address2": null, "county": null, "date": "2022-09-26T11:39:35.573Z", "delivery_cost": "0.00", "order_total": "43.00", "grand_total": "43.00"}}, {"model": "checkout.order", "pk": 3, "fields": {"order_number": "64FB2C4578824C01BF6315666E0AC329", "full_name": "ed", "email": "e.smitait@gmail.com", "phone_number": "ads", "country": "adad", "postcode": "a", "town_or_city": "adad", "street_address1": "adad", "street_address2": null, "county": null, "date": "2022-09-26T12:13:26.259Z", "delivery_cost": "0.00", "order_total": "25.00", "grand_total": "25.00"}}, {"model": "checkout.order", "pk": 4, "fields": {"order_number": "AC9EA6A4102A41BC9026B837C7940B13", "full_name": "dfd", "email": "emilijasmitaite@yahoo.com", "phone_number": "sfdsd", "country": "sf", "postcode": null, "town_or_city": "sfsdf", "street_address1": "sfsdf", "street_address2": null, "county": null, "date": "2022-09-26T12:35:48.635Z", "delivery_cost": "0.00", "order_total": "26.00", "grand_total": "26.00"}}, {"model": "checkout.order", "pk": 5, "fields": {"order_number": "EA835D7F74E24254BA69C047A40FEB73", "full_name": "x", "email": "e.smitait@gmail.com", "phone_number": "07949475536", "country": "United Kingdom", "postcode": "LL29 7EP", "town_or_city": "Colwyn Bay", "street_address1": "31 Hillside Road", "street_address2": null, "county": "County (optional)", "date": "2022-09-26T12:36:50.420Z", "delivery_cost": "0.00", "order_total": "25.00", "grand_total": "25.00"}}, {"model": "checkout.order", "pk": 6, "fields": {"order_number": "F12ACF994D3E410A821C2586987D1696", "full_name": "da", "email": "emilijasmitaite@yahoo.com", "phone_number": "07949475536", "country": "United Kingdom", "postcode": "LL29 7EP", "town_or_city": "Colwyn Bay", "street_address1": "31 Hillside Road", "street_address2": null, "county": "County (optional)", "date": "2022-09-26T14:40:37.234Z", "delivery_cost": "1.70", "order_total": "17.00", "grand_total": "18.70"}}, {"model": "checkout.order", "pk": 7, "fields": {"order_number": "931DAC54AB4F484A91625227A8C23CA2", "full_name": "s", "email": "emilijasmitaite@yahoo.com", "phone_number": "07949475536", "country": "United Kingdom", "postcode": "LL29 7EP", "town_or_city": "Colwyn Bay", "street_address1": "31 Hillside Road", "street_address2": null, "county": "County (optional)", "date": "2022-09-26T14:44:05.426Z", "delivery_cost": "1.75", "order_total": "17.50", "grand_total": "19.25"}}, {"model": "checkout.order", "pk": 8, "fields": {"order_number": "2D4DD9668DF64C52983C2CCFB6E68F40", "full_name": "da", "email": "emilijasmitaite@yahoo.com", "phone_number": "07949475536", "country": "GB", "postcode": "LL29 7EP", "town_or_city": "Colwyn Bay", "street_address1": "31 Hillside Road", "street_address2": null, "county": "County (optional)", "date": "2022-09-26T17:08:23.747Z", "delivery_cost": "0.00", "order_total": "25.00", "grand_total": "25.00"}}, {"model": "checkout.order", "pk": 9, "fields": {"order_number": "8321325EE36248279B029D68CAB84265", "full_name": "sa", "email": "emilijasmitaite@yahoo.com", "phone_number": "d", "country": "ad", "postcode": "aa", "town_or_city": "aa", "street_address1": "aa", "street_address2": null, "county": null, "date": "2022-09-26T17:13:23.301Z", "delivery_cost": "0.00", "order_total": "26.00", "grand_total": "26.00"}}, {"model": "checkout.order", "pk": 10, "fields": {"order_number": "B62D2778E2F742F89A24D5CA35EDF2FB", "full_name": "zz", "email": "emilijasmitaite@yahoo.com", "phone_number": "e", "country": "ee", "postcode": null, "town_or_city": "ee", "street_address1": "e", "street_address2": "e", "county": null, "date": "2022-09-26T17:15:38.581Z", "delivery_cost": "0.00", "order_total": "25.00", "grand_total": "25.00"}}, {"model": "checkout.order", "pk": 11, "fields": {"order_number": "C8EB46884B7342A2BEFF2176E20C42FE", "full_name": "s", "email": "emilijasmitaite@yahoo.com", "phone_number": "ddd", "country": "GB", "postcode": null, "town_or_city": "dd", "street_address1": "dd", "street_address2": null, "county": null, "date": "2022-09-26T17:17:53.411Z", "delivery_cost": "1.75", "order_total": "17.50", "grand_total": "19.25"}}, {"model": "checkout.order", "pk": 12, "fields": {"order_number": "B3728F74871A4141935FED439FE7710D", "full_name": "da", "email": "emilijasmitaite@yahoo.com", "phone_number": "07949475536", "country": "Gb", "postcode": "LL29 7EP", "town_or_city": "Colwyn Bay", "street_address1": "31 Hillside Road", "street_address2": null, "county": "County (optional)", "date": "2022-09-26T17:25:40.985Z", "delivery_cost": "0.00", "order_total": "34.00", "grand_total": "34.00"}}, {"model": "checkout.order", "pk": 13, "fields": {"order_number": "301493FF55EB4F43AE5C6C86682024F3", "full_name": "https://8000-emilijasmit-biscuiteers-2f460n69llk.w", "email": "emilijasmitaite@yahoo.com", "phone_number": "07949475536", "country": "GB", "postcode": "LL29 7EP", "town_or_city": "Colwyn Bay", "street_address1": "31 Hillside Road", "street_address2": null, "county": "County (optional)", "date": "2022-09-26T17:33:17.315Z", "delivery_cost": "0.00", "order_total": "25.00", "grand_total": "25.00"}}, {"model": "checkout.order", "pk": 14, "fields": {"order_number": "B3E5C3EB88AF41638E84CD34B47C5912", "full_name": "da", "email": "e.smitait@gmail.com", "phone_number": "07949475536", "country": "Gb", "postcode": "LL29 7EP", "town_or_city": "Colwyn Bay", "street_address1": "31 Hillside Road", "street_address2": null, "county": "County (optional)", "date": "2022-09-26T18:20:03.122Z", "delivery_cost": "1.70", "order_total": "17.00", "grand_total": "18.70"}}, {"model": "checkout.order", "pk": 15, "fields": {"order_number": "34F02190C8334B5895A0C1F95D38AD98", "full_name": "da", "email": "emilijasmitaite@yahoo.com", "phone_number": "07949475536", "country": "GB", "postcode": "LL29 7EP", "town_or_city": "Colwyn Bay", "street_address1": "31 Hillside Road", "street_address2": null, "county": "County (optional)", "date": "2022-09-26T19:18:58.910Z", "delivery_cost": "0.00", "order_total": "25.00", "grand_total": "25.00"}}, {"model": "checkout.orderlineitem", "pk": 1, "fields": {"order": 1, "product": 4, "quantity": 3, "lineitem_total": "78.00"}}, {"model": "checkout.orderlineitem", "pk": 2, "fields": {"order": 1, "product": 2, "quantity": 1, "lineitem_total": "17.00"}}, {"model": "checkout.orderlineitem", "pk": 3, "fields": {"order": 2, "product": 4, "quantity": 1, "lineitem_total": "26.00"}}, {"model": "checkout.orderlineitem", "pk": 4, "fields": {"order": 2, "product": 2, "quantity": 1, "lineitem_total": "17.00"}}, {"model": "checkout.orderlineitem", "pk": 5, "fields": {"order": 3, "product": 1, "quantity": 1, "lineitem_total": "25.00"}}, {"model": "checkout.orderlineitem", "pk": 6, "fields": {"order": 4, "product": 4, "quantity": 1, "lineitem_total": "26.00"}}, {"model": "checkout.orderlineitem", "pk": 7, "fields": {"order": 5, "product": 1, "quantity": 1, "lineitem_total": "25.00"}}, {"model": "checkout.orderlineitem", "pk": 8, "fields": {"order": 6, "product": 2, "quantity": 1, "lineitem_total": "17.00"}}, {"model": "checkout.orderlineitem", "pk": 9, "fields": {"order": 7, "product": 3, "quantity": 1, "lineitem_total": "17.50"}}, {"model": "checkout.orderlineitem", "pk": 10, "fields": {"order": 8, "product": 1, "quantity": 1, "lineitem_total": "25.00"}}, {"model": "checkout.orderlineitem", "pk": 11, "fields": {"order": 9, "product": 4, "quantity": 1, "lineitem_total": "26.00"}}, {"model": "checkout.orderlineitem", "pk": 12, "fields": {"order": 10, "product": 1, "quantity": 1, "lineitem_total": "25.00"}}, {"model": "checkout.orderlineitem", "pk": 13, "fields": {"order": 11, "product": 3, "quantity": 1, "lineitem_total": "17.50"}}, {"model": "checkout.orderlineitem", "pk": 14, "fields": {"order": 12, "product": 2, "quantity": 2, "lineitem_total": "34.00"}}, {"model": "checkout.orderlineitem", "pk": 15, "fields": {"order": 13, "product": 1, "quantity": 1, "lineitem_total": "25.00"}}, {"model": "checkout.orderlineitem", "pk": 16, "fields": {"order": 14, "product": 2, "quantity": 1, "lineitem_total": "17.00"}}, {"model": "checkout.orderlineitem", "pk": 17, "fields": {"order": 15, "product": 1, "quantity": 1, "lineitem_total": "25.00"}}, {"model": "blog.post", "pk": 1, "fields": {"title": "Hello", "slug": "hello", "author": 1, "updated_on": "2022-09-30T13:12:53.888Z", "content": "First one out there!", "created_on": "2022-09-30T12:51:59.235Z", "status": 1}}, {"model": "blog.post", "pk": 2, "fields": {"title": "Lorem", "slug": "lorem", "author": 1, "updated_on": "2022-09-30T15:11:36.237Z", "content": "Lorem ipsum dolor sit amet, consectetur adipisicing elit. Totam praesentium perferendis aspernatur? Debitis, tempore magni aut ducimus perferendis doloribus vel ex eos magnam ipsam omnis voluptates, obcaecati corporis. Officia, provident.Lorem ipsum dolor sit amet, consectetur adipisicing elit. Totam praesentium perferendis aspernatur? Debitis, tempore magni aut ducimus perferendis doloribus vel ex eos magnam ipsam omnis voluptates, obcaecati corporis. Officia, provident.Lorem ipsum dolor sit amet, consectetur adipisicing elit. Totam praesentium perferendis aspernatur? Debitis, tempore magni aut ducimus perferendis doloribus vel ex eos magnam ipsam omnis voluptates, obcaecati corporis. Officia, provident.Lorem ipsum dolor sit amet, consectetur adipisicing elit. Totam praesentium perferendis aspernatur? Debitis, tempore magni aut ducimus perferendis doloribus vel ex eos magnam ipsam omnis voluptates, obcaecati corporis. Officia, provident.Lorem ipsum dolor sit amet, consectetur adipisicing elit. Totam praesentium perferendis aspernatur? Debitis, tempore magni aut ducimus perferendis doloribus vel ex eos magnam ipsam omnis voluptates, obcaecati corporis. Officia, provident.Lorem ipsum dolor sit amet, consectetur adipisicing elit. Totam praesentium perferendis aspernatur? Debitis, tempore magni aut ducimus perferendis doloribus vel ex eos magnam ipsam omnis voluptates, obcaecati corporis. Officia, provident.Lorem ipsum dolor sit amet, consectetur adipisicing elit. Totam praesentium perferendis aspernatur? Debitis, tempore magni aut ducimus perferendis doloribus vel ex eos magnam ipsam omnis voluptates, obcaecati corporis. Officia, provident.Lorem ipsum dolor sit amet, consectetur adipisicing elit. Totam praesentium perferendis aspernatur? Debitis, tempore magni aut ducimus perferendis doloribus vel ex eos magnam ipsam omnis voluptates, obcaecati corporis. Officia, provident.Lorem ipsum dolor sit amet, consectetur adipisicing elit. Totam praesentium perferendis aspernatur? Debitis, tempore magni aut ducimus perferendis doloribus vel ex eos magnam ipsam omnis voluptates, obcaecati corporis. Officia, provident.Lorem ipsum dolor sit amet, consectetur adipisicing elit. Totam praesentium perferendis aspernatur? Debitis, tempore magni aut ducimus perferendis doloribus vel ex eos magnam ipsam omnis voluptates, obcaecati corporis. Officia, provident.Lorem ipsum dolor sit amet, consectetur adipisicing elit. Totam praesentium perferendis aspernatur? Debitis, tempore magni aut ducimus perferendis doloribus vel ex eos magnam ipsam omnis voluptates, obcaecati corporis. Officia, provident.Lorem ipsum dolor sit amet, consectetur adipisicing elit. Totam praesentium perferendis aspernatur? Debitis, tempore magni aut ducimus perferendis doloribus vel ex eos magnam ipsam omnis voluptates, obcaecati corporis. Officia, provident.Lorem ipsum dolor sit amet, consectetur adipisicing elit. Totam praesentium perferendis aspernatur? Debitis, tempore magni aut ducimus perferendis doloribus vel ex eos magnam ipsam omnis voluptates, obcaecati corporis. Officia, provident.Lorem ipsum dolor sit amet, consectetur adipisicing elit. Totam praesentium perferendis aspernatur? Debitis, tempore magni aut ducimus perferendis doloribus vel ex eos magnam ipsam omnis voluptates, obcaecati corporis. Officia, provident.", "created_on": "2022-09-30T15:11:36.237Z", "status": 1}}, {"model": "blog.post", "pk": 3, "fields": {"title": "Ipsum", "slug": "ipsum", "author": 1, "updated_on": "2022-09-30T15:11:59.810Z", "content": "Lorem ipsum dolor sit amet, consectetur adipisicing elit. Totam praesentium perferendis aspernatur? Debitis, tempore magni aut ducimus perferendis doloribus vel ex eos magnam ipsam omnis voluptates, obcaecati corporis. Officia, provident.Lorem ipsum dolor sit amet, consectetur adipisicing elit. Totam praesentium perferendis aspernatur? Debitis, tempore magni aut ducimus perferendis doloribus vel ex eos magnam ipsam omnis voluptates, obcaecati corporis. Officia, provident.Lorem ipsum dolor sit amet, consectetur adipisicing elit. Totam praesentium perferendis aspernatur? Debitis, tempore magni aut ducimus perferendis doloribus vel ex eos magnam ipsam omnis voluptates, obcaecati corporis. Officia, provident.Lorem ipsum dolor sit amet, consectetur adipisicing elit. Totam praesentium perferendis aspernatur? Debitis, tempore magni aut ducimus perferendis doloribus vel ex eos magnam ipsam omnis voluptates, obcaecati corporis. Officia, provident.Lorem ipsum dolor sit amet, consectetur adipisicing elit. Totam praesentium perferendis aspernatur? Debitis, tempore magni aut ducimus perferendis doloribus vel ex eos magnam ipsam omnis voluptates, obcaecati corporis. Officia, provident.Lorem ipsum dolor sit amet, consectetur adipisicing elit. Totam praesentium perferendis aspernatur? Debitis, tempore magni aut ducimus perferendis doloribus vel ex eos magnam ipsam omnis voluptates, obcaecati corporis. Officia, provident.Lorem ipsum dolor sit amet, consectetur adipisicing elit. Totam praesentium perferendis aspernatur? Debitis, tempore magni aut ducimus perferendis doloribus vel ex eos magnam ipsam omnis voluptates, obcaecati corporis. Officia, provident.", "created_on": "2022-09-30T15:11:59.810Z", "status": 1}}]